,id,imdb_id,popularity,budget,revenue,original_title,cast,homepage,director,tagline,keywords,overview,runtime,genres,production_companies,release_date,vote_count,vote_average,release_year,budget_adj,revenue_adj,Unnamed: 0,Year of release,Movie Rating,Director,Gross collection
0,278.0,tt0111161,7.192039,25000000.0,28341469.0,The Shawshank Redemption,Tim Robbins|Morgan Freeman|Bob Gunton|William Sadler|Clancy Brown,,Frank Darabont,Fear can hold you prisoner. Hope can set you free.,prison|corruption|police brutality|prison cell|delinquent,"Framed in the 1940s for the double murder of his wife and her lover, upstanding banker Andy Dufresne begins a new life at the Shawshank prison, where he puts his accounting skills to work for an amoral warden. During his long stretch in prison, Dufresne comes to be admired by the other inmates -- including an older prisoner named Red -- for his integrity and unquenchable sense of hope.",142.0,Drama|Crime,Castle Rock Entertainment,9/10/1994,5754.0,8.4,1994.0,36777789.04,41693462.72,0,1994,9.3,Frank Darabont,$28.34M
1,238.0,tt0068646,5.738034,6000000.0,245066411.0,The Godfather,Marlon Brando|Al Pacino|James Caan|Richard S. Castellano|Robert Duvall,http://www.thegodfather.com/,Francis Ford Coppola,An offer you can't refuse.,italy|love at first sight|loss of father|patriarch|organized crime,"Spanning the years 1945 to 1955, a chronicle of the fictional Italian-American Corleone crime family. When organized crime family patriarch, Vito Corleone barely survives an attempt on his life, his youngest son, Michael steps in to take care of the would-be killers, launching a campaign of bloody revenge.",175.0,Drama|Crime,Paramount Pictures|Alfran Productions,3/15/1972,3970.0,8.3,1972.0,31287365.59,1277913732.0,1,1972,9.2,Francis Ford Coppola,$134.97M
2,155.0,tt0468569,8.466668,185000000.0,1001921825.0,The Dark Knight,Christian Bale|Michael Caine|Heath Ledger|Aaron Eckhart|Gary Oldman,http://thedarkknight.warnerbros.com/dvdsite/,Christopher Nolan,Why So Serious?,dc comics|crime fighter|secret identity|scarecrow|sadism,"Batman raises the stakes in his war on crime. With the help of Lt. Jim Gordon and District Attorney Harvey Dent, Batman sets out to dismantle the remaining criminal organizations that plague the streets. The partnership proves to be effective, but they soon find themselves prey to a reign of chaos unleashed by a rising criminal mastermind known to the terrified citizens of Gotham as the Joker.",152.0,Drama|Action|Crime|Thriller,DC Comics|Legendary Pictures|Warner Bros.|Syncopy,7/16/2008,8432.0,8.1,2008.0,187365527.3,1014733032.0,2,2008,9.0,Christopher Nolan,$534.86M
3,424.0,tt0108052,2.377288,22000000.0,321265768.0,Schindler's List,Liam Neeson|Ben Kingsley|Ralph Fiennes|Caroline Goodall|Jonathan Sagall,http://www.schindlerslist.com/,Steven Spielberg,"Whoever saves one life, saves the world entire.",factory|concentration camp|hero|holocaust|world war ii,The true story of how businessman Oskar Schindler saved over a thousand Jewish lives from the Nazis while they worked as slaves in his factory during World War II.,195.0,Drama|History|War,Universal Pictures|Amblin Entertainment,11/29/1993,2632.0,8.1,1993.0,33208339.16,484941026.5,3,1993,9.0,Steven Spielberg,$96.90M
4,122.0,tt0167260,7.122455,94000000.0,1118888979.0,The Lord of the Rings: The Return of the King,Elijah Wood|Ian McKellen|Viggo Mortensen|Liv Tyler|Orlando Bloom,http://www.lordoftherings.net,Peter Jackson,The eye of the enemy is moving.,elves|orcs|middle-earth (tolkien)|based on novel|suspicion,"Aragorn is revealed as the heir to the ancient kings as he, Gandalf and the other members of the broken fellowship struggle to save Gondor from Sauron's forces. Meanwhile, Frodo and Sam bring the ring closer to the heart of Mordor, the dark lord's realm.",201.0,Adventure|Fantasy|Action,WingNut Films|New Line Cinema,12/1/2003,5636.0,7.9,2003.0,111423148.6,1326278010.0,4,2003,9.0,Peter Jackson,$377.85M
5,12219.0,tt0118528,0.24382,0.0,0.0,12 Angry Men,Courtney B. Vance|Ossie Davis|George C. Scott|Armin Mueller-Stahl|Dorian Harewood,,William Friedkin,,judge|jurors|death penalty|evidence|right and justice,"During the trial of a man accused of his father's murder, a lone juror takes a stand against the guilty verdict handed down by the others as a result of their preconceptions and prejudices. The film is adapted by Reginald Rose from his own 1957 film version (directed by Sidney Lumet) and from the Westinghouse One television production that predated it. George C. Scott won a Golden Globe for his supporting role; righteous juror Jack Lemmon was denied such an honor for Best Actor, but recipient Ving Rhames (for Don King) dedicated his award to Lemmon.",117.0,Crime|Drama,MGM Television,8/17/1997,37.0,7.5,1997.0,0.0,0.0,5,1957,9.0,Sidney Lumet,$4.36M
6,,,,,,The Godfather Part II,,,,,,,,,,,,,,,,6,1974,9.0,Francis Ford Coppola,$57.30M
7,680.0,tt0110912,8.093754,8000000.0,213928762.0,Pulp Fiction,John Travolta|Samuel L. Jackson|Uma Thurman|Bruce Willis|Ving Rhames,,Quentin Tarantino,Just because you are a character doesn't mean you have character.,transporter|brothel|drug dealer|boxer|massage,"A burger-loving hit man, his philosophical partner, a drug-addled gangster's moll and a washed-up boxer converge in this sprawling, comedic crime caper. Their adventures unfurl in three stories that ingeniously trip back and forth in time.",154.0,Thriller|Crime,Miramax Films|A Band Apart|Jersey Films,10/14/1994,5343.0,8.1,1994.0,11768892.49,314713075.1,7,1994,8.9,Quentin Tarantino,$107.93M
8,27205.0,tt1375666,9.363643,160000000.0,825500000.0,Inception,Leonardo DiCaprio|Joseph Gordon-Levitt|Ellen Page|Tom Hardy|Ken Watanabe,http://inceptionmovie.warnerbros.com/,Christopher Nolan,Your mind is the scene of the crime.,loss of lover|dream|sleep|subconsciousness|heist,"Cobb, a skilled thief who commits corporate espionage by infiltrating the subconscious of his targets is offered a chance to regain his old life as payment for a task considered to be impossible: ""inception"", the implantation of another person's idea into a target's subconscious.",148.0,Action|Thriller|Science Fiction|Mystery|Adventure,Legendary Pictures|Warner Bros.|Syncopy,7/14/2010,9767.0,7.9,2010.0,160000000.0,825500000.0,8,2010,8.8,Christopher Nolan,$292.58M
9,550.0,tt0137523,8.947905,63000000.0,100853753.0,Fight Club,Edward Norton|Brad Pitt|Meat Loaf|Jared Leto|Helena Bonham Carter,http://www.foxmovies.com/movies/fight-club,David Fincher,How much can you know about yourself if you've never been in a fight?,support group|dual identity|nihilism|rage and hate|insomnia,"A ticking-time-bomb insomniac and a slippery soap salesman channel primal male aggression into a shocking new form of therapy. Their concept catches on, with underground ""fight clubs"" forming in every town, until an eccentric gets in the way and ignites an out-of-control spiral toward oblivion.",139.0,Drama,Regency Enterprises|Fox 2000 Pictures|Taurus Film|Linson Films|Atman Entertainment,10/14/1999,5923.0,8.1,1999.0,82470329.34,132022892.5,9,1999,8.8,David Fincher,$37.03M
10,120.0,tt0120737,8.575419,93000000.0,871368364.0,The Lord of the Rings: The Fellowship of the Ring,Elijah Wood|Ian McKellen|Viggo Mortensen|Liv Tyler|Orlando Bloom,http://www.lordoftherings.net/,Peter Jackson,One ring to rule them all,elves|dwarves|orcs|middle-earth (tolkien)|hobbits,"Young hobbit Frodo Baggins, after inheriting a mysterious ring from his uncle Bilbo, must leave his home in order to keep it from falling into the hands of its evil creator. Along the way, a fellowship is formed to protect the ringbearer and make sure that the ring arrives at its final destination: Mt. Doom, the only place where it can be destroyed.",178.0,Adventure|Fantasy|Action,WingNut Films|New Line Cinema|The Saul Zaentz Company,12/18/2001,6079.0,7.8,2001.0,114528394.9,1073079786.0,10,2001,8.8,Peter Jackson,$315.54M
11,13.0,tt0109830,6.715966,55000000.0,677945399.0,Forrest Gump,Tom Hanks|Robin Wright|Gary Sinise|Mykelti Williamson|Sally Field,,Robert Zemeckis,"The world will never be the same, once you've seen it through the eyes of Forrest Gump.",vietnam veteran|hippie|mentally disabled|running|based on novel,"A man with a low IQ has accomplished great things in his life and been present during significant historic events - in each case, far exceeding what anyone imagined he could do. Yet, despite all the things he has attained, his one true love eludes him. 'Forrest Gump' is the story of a man who rose above his challenges, and who proved that determination, courage, and love are more important than ability.",142.0,Comedy|Drama|Romance,Paramount Pictures,7/6/1994,4856.0,8.1,1994.0,80911135.89,997333314.6,11,1994,8.8,Robert Zemeckis,$330.25M
12,,,,,,"The Good, the Bad and the Ugly",,,,,,,,,,,,,,,,12,1966,8.8,Sergio Leone,$6.10M
13,121.0,tt0167261,8.095275,79000000.0,926287400.0,The Lord of the Rings: The Two Towers,Elijah Wood|Ian McKellen|Viggo Mortensen|Liv Tyler|Orlando Bloom,http://www.lordoftherings.net/,Peter Jackson,A New Power Is Rising.,elves|orcs|middle-earth (tolkien)|hobbits|based on novel,"Frodo and Sam are trekking to Mordor to destroy the One Ring of Power while Gimli, Legolas and Aragorn search for the orc-captured Merry and Pippin. All along, nefarious wizard Saruman awaits the Fellowship members at the Orthanc Tower in Isengard.",179.0,Adventure|Fantasy|Action,WingNut Films|New Line Cinema|The Saul Zaentz Company,12/18/2002,5114.0,7.8,2002.0,95768650.1,1122902454.0,13,2002,8.8,Peter Jackson,$342.55M
14,,,,,,Jai Bhim,,,,,,,,,,,,,,,,14,2021,8.8,T.J. Gnanavel,#237
15,,,,,,777 Charlie,,,,,,,,,,,,,,,,15,2022,8.8,Kiranraj K,*****
16,,,,,,Rocketry: The Nambi Effect,,,,,,,,,,,,,,,,16,2022,8.8,Madhavan,*****
17,603.0,tt0133093,7.753899,63000000.0,463517383.0,The Matrix,Keanu Reeves|Laurence Fishburne|Carrie-Anne Moss|Hugo Weaving|Gloria Foster,http://www.warnerbros.com/matrix,Lilly Wachowski|Lana Wachowski,Welcome to the Real World.,saving the world|artificial intelligence|man vs machine|philosophy|prophecy,"Set in the 22nd century, The Matrix tells the story of a computer hacker who joins a group of underground insurgents fighting the vast and powerful computers who now rule the earth.",136.0,Action|Science Fiction,Village Roadshow Pictures|Groucho II Film Partnership|Silver Pictures|Warner Bros.,3/30/1999,6351.0,7.8,1999.0,82470329.34,606768749.7,17,1999,8.7,"Directors:Lana Wachowski, Lilly Wachowski",$171.48M
18,769.0,tt0099685,2.659926,25000000.0,46836394.0,Goodfellas,Robert De Niro|Ray Liotta|Joe Pesci|Lorraine Bracco|Paul Sorvino,,Martin Scorsese,Three Decades of Life in the Mafia.,prison|helicopter|florida|1970s|mass murder,"Henry Hill is a small time gangster, who takes part in a robbery with Jimmy Conway and Tommy De Vito, two other gangsters who have set their sights a bit higher. His two partners kill off everyone else involved in the robbery, and slowly start to climb up through the hierarchy of the Mob. Henry, however, is badly affected by his partners success, but will he stoop low enough to bring about the downfall of Jimmy and Tommy?",146.0,Drama|Crime,Warner Bros.,9/12/1990,1798.0,8.0,1990.0,41722463.51,78165189.58,18,1990,8.7,Martin Scorsese,$46.84M
19,510.0,tt0073486,3.258151,3000000.0,108981275.0,One Flew Over the Cuckoo's Nest,Jack Nicholson|Louise Fletcher|Danny DeVito|William Redfield|Scatman Crothers,,MiloÅ¡ Forman,"If he's crazy, what does that make you?",individual|rebel|self-destruction|wheelchair|lunatic asylum,"While serving time for insanity at a state mental hospital, implacable rabble-rouser, Randle Patrick McMurphy inspires his fellow patients to rebel against the authoritarian rule of head nurse, Mildred Ratched.",133.0,Drama,Fantasy Films|Warner Bros.,11/18/1975,1612.0,8.0,1975.0,12155463.52,441572637.4,19,1975,8.7,Milos Forman,$112.00M
20,,,,,,Star Wars: Episode V - The Empire Strikes Back,,,,,,,,,,,,,,,,20,1980,8.7,Irvin Kershner,$290.48M
21,,,,,,Soorarai Pottru,,,,,,,,,,,,,,,,21,2020,8.7,Sudha Kongara,*****
22,157336.0,tt0816692,24.949134,165000000.0,621752480.0,Interstellar,Matthew McConaughey|Jessica Chastain|Anne Hathaway|Michael Caine|Casey Affleck,http://www.interstellarmovie.net/,Christopher Nolan,Mankind was born on Earth. It was never meant to die here.,saving the world|artificial intelligence|father-son relationship|single parent|nasa,Interstellar chronicles the adventures of a group of explorers who make use of a newly discovered wormhole to surpass the limitations on human space travel and conquer the vast distances involved in an interstellar voyage.,169.0,Adventure|Drama|Science Fiction,Paramount Pictures|Legendary Pictures|Warner Bros.|Syncopy|Lynda Obst Productions,11/5/2014,6498.0,8.0,2014.0,151980023.4,572690645.1,22,2014,8.6,Christopher Nolan,$188.02M
23,274.0,tt0102926,0.695385,19000000.0,272742922.0,The Silence of the Lambs,Jodie Foster|Anthony Hopkins|Scott Glenn|Ted Levine|Anthony Heald,,Jonathan Demme,To enter the mind of a killer she must challenge the mind of a madman.,based on novel|psychopath|horror|suspense|serial killer,"FBI trainee, Clarice Starling ventures into a maximum-security asylum to pick the diseased brain of Hannibal Lecter, a psychiatrist turned homicidal cannibal. Starling needs clues to help her capture a serial killer. but her Faustian relationship with Lecter soon leads to his escape, and now two deranged killers are on the loose.",118.0,Crime|Drama|Thriller,Orion Pictures|Strong Heart/Demme Production,2/14/1991,2679.0,7.9,1991.0,30420764.0,436686740.1,23,1991,8.6,Jonathan Demme,$130.74M
24,807.0,tt0114369,4.765359,33000000.0,327311859.0,Se7en,Brad Pitt|Morgan Freeman|Gwyneth Paltrow|John C. McGinley|Kevin Spacey,http://www.sevenmovie.com/,David Fincher,Seven deadly sins. Seven ways to die.,self-fulfilling prophecy|detective|s.w.a.t.|drug dealer|evisceration,"Two homicide detectives are on a desperate hunt for a serial killer whose crimes are based on the ""seven deadly sins"" in this dark and haunting film that takes viewers from the tortured remains of one victim to the next. The seasoned Det. Sommerset researches each sin in an effort to get inside the killer's mind, while his novice partner, Mills, scoffs at his efforts to unravel the case.",127.0,Crime|Mystery|Thriller,New Line Cinema|Juno Pix|Cecchi Gori Pictures,9/22/1995,3535.0,7.9,1995.0,47221906.61,468372425.4,24,1995,8.6,David Fincher,$100.13M
25,11.0,tt0076759,12.037933,11000000.0,775398007.0,Star Wars,Mark Hamill|Harrison Ford|Carrie Fisher|Peter Cushing|Alec Guinness,http://www.starwars.com/films/star-wars-episode-iv-a-new-hope,George Lucas,"A long time ago in a galaxy far, far away...",android|galaxy|hermit|death star|lightsaber,Princess Leia is captured and held hostage by the evil Imperial forces in their effort to take over the galactic Empire. Venturesome Luke Skywalker and dashing captain Han Solo team together with the loveable robot duo R2-D2 and C-3PO to rescue the beautiful princess and restore peace and justice in the Empire.,121.0,Adventure|Action|Science Fiction,Lucasfilm|Twentieth Century Fox Film Corporation,3/20/1977,4428.0,7.9,1977.0,39575591.36,2789712242.0,25,1977,8.6,George Lucas,$322.74M
26,497.0,tt0120689,2.719461,60000000.0,284600000.0,The Green Mile,Tom Hanks|Michael Clarke Duncan|David Morse|Bonnie Hunt|James Cromwell,http://thegreenmile.warnerbros.com/,Frank Darabont,Miracles do happen.,southern u.s.|black people|mentally disabled|indian|heal,"A supernatural tale set on death row in a Southern prison, where gentle giant John Coffey possesses the mysterious power to heal people's ailments. When the cellblock's head guard, Paul Edgecomb, recognizes Coffey's miraculous gift, he tries desperately to help stave off the condemned man's execution.",189.0,Fantasy|Drama|Crime,Castle Rock Entertainment|Darkwoods Productions|Warner Bros.,12/10/1999,2299.0,8.0,1999.0,78543170.8,372556440.1,26,1999,8.6,Frank Darabont,$136.80M
27,,,,,,Spirited Away,,,,,,,,,,,,,,,,27,2001,8.6,Hayao Miyazaki,$10.06M
28,857.0,tt0120815,2.170136,70000000.0,481840909.0,Saving Private Ryan,Tom Hanks|Tom Sizemore|Dennis Farina|Max Martini|Joerg Stadler,,Steven Spielberg,The mission is a man.,killing|loss of brother|loss of lover|war crimes|self sacrifice,"As U.S. troops storm the beaches of Normandy, three brothers lie dead on the battlefield, with a fourth trapped behind enemy lines. Ranger captain John Miller and seven men are tasked with penetrating German-held territory and bringing the boy home.",169.0,Drama|History|War,Paramount Pictures|DreamWorks SKG|Amblin Entertainment|Mutual Film Company|Mark Gordon Productions,7/24/1998,3396.0,7.7,1998.0,93638682.84,644556400.8,28,1998,8.6,Steven Spielberg,$216.54M
29,280.0,tt0103064,3.584406,100000000.0,520000000.0,Terminator 2: Judgment Day,Arnold Schwarzenegger|Linda Hamilton|Edward Furlong|Robert Patrick|Earl Boen,,James Cameron,It's nothing personal.,cyborg|shotgun|post-apocalyptic|dystopia|stabbed in the eye,"Nearly 10 years have passed since Sarah Connor was targeted for termination by a cyborg from the future. Now her son, John, the future leader of the resistance, is the target for a newer, more deadly terminator. Once again, the resistance has managed to send a protector back to attempt to save John and his mother Sarah.",137.0,Action|Thriller|Science Fiction,Lightstorm Entertainment|Pacific Western|Canal+|Carolco Pictures|T2 Productions,7/1/1991,2836.0,7.5,1991.0,160109284.2,832568277.8,29,1991,8.6,James Cameron,$204.84M
30,,,,,,City of God,,,,,,,,,,,,,,,,30,2002,8.6,"Directors:Fernando Meirelles, Kátia Lund",$7.56M
31,,,,,,Life Is Beautiful,,,,,,,,,,,,,,,,31,1997,8.6,Roberto Benigni,$57.60M
32,,,,,,Seven Samurai,,,,,,,,,,,,,,,,32,1954,8.6,Akira Kurosawa,$0.27M
33,,,,,,It's a Wonderful Life,,,,,,,,,,,,,,,,33,1946,8.6,Frank Capra,#20
34,,,,,,Harakiri,,,,,,,,,,,,,,,,34,1962,8.6,Masaki Kobayashi,#45
35,,,,,,Sita Ramam,,,,,,,,,,,,,,,,35,2022,8.6,Hanu Raghavapudi,*****
36,348.0,tt0078748,4.935897,11000000.0,104931801.0,Alien,Sigourney Weaver|Tom Skerritt|Veronica Cartwright|Harry Dean Stanton|John Hurt,https://www.facebook.com/alienanthology/,Ridley Scott,In space no one can hear you scream.,android|self-destruction|countdown|space marine|space suit,"During its return to the earth, commercial spaceship Nostromo intercepts a distress signal from a distant planet. When a three-member team of the crew discovers a chamber containing thousands of eggs on the planet, a creature inside one of the eggs attacks an explorer. The entire crew is unaware of the impending nightmare set to descend upon them when the alien parasite planted inside its unfortunate host is birthed.",117.0,Horror|Action|Thriller|Science Fiction,Twentieth Century-Fox Productions|Brandywine Productions,5/25/1979,2724.0,7.6,1979.0,33050094.03,315273262.7,36,1979,8.5,Ridley Scott,$78.90M
37,244786.0,tt2582802,4.780419,3300000.0,13993093.0,Whiplash,Miles Teller|J.K. Simmons|Melissa Benoist|Austin Stowell|Jayson Blair,http://sonyclassics.com/whiplash/,Damien Chazelle,The road to greatness can take you to the edge.,jazz|obsession|conservatory|music teacher|new york city,"Under the direction of a ruthless instructor, a talented young drummer begins to pursue perfection at any cost, even his humanity.",105.0,Drama|Music,Bold Films|Blumhouse Productions|Right of Way Films,10/10/2014,2372.0,8.2,2014.0,3039600.468,12888912.73,37,2014,8.5,Damien Chazelle,$13.09M
38,16219.0,tt0104346,0.291459,0.0,9.0,Gladiator,James Marshall|Cuba Gooding Jr.|Robert Loggia|Brian Dennehy|Cara Buono,,Rowdy Herrington,Nobody owns Tommy Riley. Nobody.,sport|blood splatter|blood|boxing,A story of two teenagers trapped in the world of illegal underground boxing. One is fighting to save his fathers life and using the money pay off gambling debts accumulated by his father. The second is fighting for the money to get out of the ghettos. While being exploited by a boxing promoter the two teens become friends. An explosive ending puts the two friends in the ring against each other.,101.0,Action|Drama,Columbia Pictures Corporation,3/6/1992,10.0,5.1,1992.0,0.0,13.98621829,38,2000,8.5,Ridley Scott,$187.71M
39,98.0,tt0172495,4.271452,103000000.0,457640427.0,Gladiator,Russell Crowe|Joaquin Phoenix|Connie Nielsen|Oliver Reed|Richard Harris,,Ridley Scott,A Hero Will Rise.,rome|gladiator|roman empire|slavery|battlefield,"General Maximus' success in battle earns the favour of the Roman Empire's elderly Emperor at the expense of the Emperor's son. In a fit of jealous rage the son slays his father before turning his anger towards Maximus. Now reduced to a slave, and his family dead, Maximus must fight as a gladiator to gain his freedom â€“ and his revenge.",155.0,Action|Drama|Adventure,DreamWorks SKG|Universal Pictures|Scott Free Productions|Red Wagon Entertainment|Mill Film,5/1/2000,3531.0,7.7,2000.0,130428087.8,579506463.9,38,2000,8.5,Ridley Scott,$187.71M
40,,,,,,Parasite,,,,,,,,,,,,,,,,39,2019,8.5,Bong Joon Ho,$53.37M
41,105.0,tt0088763,6.095293,19000000.0,381109762.0,Back to the Future,Michael J. Fox|Christopher Lloyd|Lea Thompson|Crispin Glover|Thomas F. Wilson,http://www.backtothefuture.com/movies/backtothefuture1,Robert Zemeckis,He's the only kid ever to get into trouble before he was born.,clock tower|car race|terrorist|delorean|lightning,"Eighties teenager Marty McFly is accidentally sent back in time to 1955, inadvertently disrupting his parents' first meeting and attracting his mother's romantic interest. Marty must repair the damage to history by rekindling his parents' romance and - with the help of his eccentric inventor friend Doc Brown - return to 1985.",116.0,Adventure|Comedy|Science Fiction|Family,Universal Pictures|Amblin Entertainment|U-Drive Productions,7/3/1985,3785.0,7.8,1985.0,38516154.99,772572771.7,40,1985,8.5,Robert Zemeckis,$210.61M
42,1422.0,tt0407887,2.81975,90000000.0,289847354.0,The Departed,Leonardo DiCaprio|Matt Damon|Jack Nicholson|Mark Wahlberg|Martin Sheen,http://thedeparted.warnerbros.com/,Martin Scorsese,Lies. Betrayal. Sacrifice. How far will you take it?,undercover|boston|police|friends|mafia,"To take down South Boston's Irish Mafia, the police send in one of their own to infiltrate the underworld, not realizing the syndicate has done likewise. While an undercover cop curries favor with the mob kingpin, a career criminal rises through the police ranks. But both sides soon discover there's a mole among them.",151.0,Drama|Thriller|Crime,Vertigo Entertainment|Media Asia Films|Warner Bros.|Initial Entertainment Group (IEG)|Plan B Entertainment,10/5/2006,2635.0,7.7,2006.0,97350224.25,313518943.4,41,2006,8.5,Martin Scorsese,$132.38M
43,1124.0,tt0482571,2.582095,40000000.0,109676311.0,The Prestige,Hugh Jackman|Christian Bale|Michael Caine|Scarlett Johansson|Andy Serkis,http://wwws.warnerbros.de/theprestige/,Christopher Nolan,Are You Watching Closely?,competition|secret|obsession|magic|dying and death,"A mysterious story of two magicians whose intense rivalry leads them on a life-long battle for supremacy -- full of obsession, deceit and jealousy with dangerous and deadly consequences.",130.0,Drama|Mystery|Thriller,Touchstone Pictures|Syncopy,10/19/2006,2519.0,7.8,2006.0,43266766.33,118633483.0,42,2006,8.5,Christopher Nolan,$53.09M
44,,,,,,Léon: The Professional,,,,,,,,,,,,,,,,43,1994,8.5,Luc Besson,$19.50M
45,8587.0,tt0110357,4.782688,45000000.0,788241776.0,The Lion King,Jonathan Taylor Thomas|Matthew Broderick|James Earl Jones|Jeremy Irons|Moira Kelly,http://movies.disney.com/the-lion-king,Roger Allers|Rob Minkoff,Life's greatest adventure is finding your place in the Circle of Life.,loss of parents|wild boar|uncle|shaman|redemption,A young lion cub named Simba can't wait to be king. But his uncle craves the title for himself and will stop at nothing to get it.,89.0,Family|Animation|Drama,Walt Disney Pictures|Walt Disney Feature Animation,6/23/1994,3489.0,7.7,1994.0,66200020.27,1159591590.0,44,1994,8.5,"Directors:Roger Allers, Rob Minkoff",$422.78M
46,28.0,tt0078788,2.31952,31500000.0,83471511.0,Apocalypse Now,Martin Sheen|Marlon Brando|Robert Duvall|Laurence Fishburne|Sam Bottoms,http://www.apocalypsenow.com,Francis Ford Coppola,This is the end...,guerilla|river|vietnam|vietcong|cambodia,"At the height of the Vietnam war, Captain Benjamin Willard is sent on a dangerous mission that, officially, ""does not exist, nor will it ever exist."" His goal is to locate - and eliminate - a mysterious Green Beret Colonel named Walter Kurtz, who has been leading his personal army on illegal guerrilla missions into enemy territory.",153.0,Drama|War,Zoetrope Studios,8/15/1979,1100.0,7.8,1979.0,94643451.08,250794662.5,45,1979,8.5,Francis Ford Coppola,$83.47M
47,423.0,tt0253474,2.364204,35000000.0,120072577.0,The Pianist,Adrien Brody|Thomas Kretschmann|Frank Finlay|Maureen Lipman|Emilia Fox,http://www.thepianistmovie.com/,Roman Polanski,Music was his passion. Survival was his masterpiece.,individual|resistance|radio station|war crimes|loss of family,The Pianist is a film adapted from the biography of Wladyslaw Szpilman. A Jewish-Polish pianist who during the second world war lived and hid miraculously in Warsaw after having gone through a terrible tragedy. A film from Roman Polanski.,150.0,Drama|War,Bac Films|Canal+Polska|Heritage Films|Studio Babelsberg|Agencja Produkcji Filmowej,9/24/2002,938.0,7.9,2002.0,42429148.78,145559349.5,46,2002,8.5,Roman Polanski,$32.57M
48,11252.0,tt0155975,0.38868,60000000.0,37141130.0,Psycho,Vince Vaughn|Anne Heche|Julianne Moore|Viggo Mortensen|William H. Macy,,Gus Van Sant,A new vision of a classic nightmare.,shower|motel|stolen money|based on ed gein,"Criminal on the run, Marion Crane takes refuge at the motel operated by Norman Bates - a troubled man whose victims encounter a grisly fate at the hands of his ""mother."" Marion soon becomes the next victim and her disappearance prompts inquiries from her sister and a private investigator. They both soon discover the morbid bond linking Norman to his mysterious ""mother"" at the Bates Motel. Relive the terror in an all new version of Alfred Hitchcock's masterpiece of suspenseâ€¦ Psycho.",105.0,Horror|Mystery|Thriller,Imagine Entertainment|Universal Pictures,12/4/1998,112.0,4.9,1998.0,80261728.14,49683521.32,47,1960,8.5,Alfred Hitchcock,$32.00M
49,539.0,tt0054215,2.610362,806948.0,32000000.0,Psycho,Anthony Perkins|Vera Miles|John Gavin|Janet Leigh|Martin Balsam,,Alfred Hitchcock,The master of suspense moves his cameras into the icy blackness of the unexplored!,hotel|clerk|arizona|shower|rain,"When larcenous real estate clerk Marion Crane goes on the lam with a wad of cash and hopes of starting a new life, she ends up at the notorious Bates Motel, where manager Norman Bates cares for his housebound mother. The place seems quirky, but fineâ€¦ until Marion decides to take a shower.",109.0,Drama|Horror|Thriller,Shamley Productions,8/14/1960,1180.0,8.0,1960.0,5949601.344,235934958.6,47,1960,8.5,Alfred Hitchcock,$32.00M
50,629.0,tt0114814,3.440238,6000000.0,23341568.0,The Usual Suspects,Stephen Baldwin|Gabriel Byrne|Chazz Palminteri|Kevin Pollak|Pete Postlethwaite,http://www.mgm.com/#/our-titles/2083/The-Usual-Suspects,Bryan Singer,Five Criminals. One Line Up. No Coincidence.,law|relatives|theft|criminal|criminal mastermind,"Held in an L.A. interrogation room, Verbal Kint attempts to convince the feds that a mythic crime lord, Keyser Soze, not only exists, but was also responsible for drawing him and his four partners into a multi-million dollar heist that ended with an explosion in San Pedro harbor â€“ leaving few survivors. Verbal lures his interrogators with an incredible story of the crime lord's almost supernatural prowess.",106.0,Drama|Crime|Thriller,Blue Parrot Productions|Bad Hat Harry Productions,7/19/1995,1942.0,8.0,1995.0,8585801.203,33401010.43,48,1995,8.5,Bryan Singer,$23.34M
51,,,,,,Casablanca,,,,,,,,,,,,,,,,49,1942,8.5,Michael Curtiz,$1.02M
52,73.0,tt0120586,1.333006,20000000.0,23875127.0,American History X,Edward Norton|Edward Furlong|Beverly D'Angelo|Avery Brooks|Jennifer Lien,http://www.historyx.com/,Tony Kaye,Some Legacies Must End.,usa|neo-nazi|prison|skinhead|brother brother relationship,"Derek Vineyard is paroled after serving 3 years in prison for killing two thugs who tried to break into/steal his truck. Through his brother, Danny Vineyard's narration, we learn that before going to prison, Derek was a skinhead and the leader of a violent white supremacist gang that committed acts of racial crime throughout L.A. and his actions greatly influenced Danny. Reformed and fresh out of prison, Derek severs contact with the gang and becomes determined to keep Danny from going down the same violent path as he did.",119.0,Drama,New Line Cinema|The Turman-Morrissey Company|Savoy Pictures,10/30/1998,1563.0,8.0,1998.0,26753909.38,31937649.21,50,1998,8.5,Tony Kaye,$6.72M
53,,,,,,The Intouchables,,,,,,,,,,,,,,,,51,2011,8.5,"Directors:Olivier Nakache, Éric Toledano",$13.18M
54,,,,,,Once Upon a Time in the West,,,,,,,,,,,,,,,,52,1968,8.5,Sergio Leone,$5.32M
55,,,,,,Grave of the Fireflies,,,,,,,,,,,,,,,,53,1988,8.5,Isao Takahata,#44
56,,,,,,Cinema Paradiso,,,,,,,,,,,,,,,,54,1988,8.5,Giuseppe Tornatore,$11.99M
57,11603.0,tt0166322,0.18093,0.0,0.0,Rear Window,Christopher Reeve|Daryl Hannah|Robert Forster|Ruben Santiago-Hudson|Anne Twomey,,Jeff Bleckner,Who's watching who?,architect|wheelchair|leave|murder|hitchcockian,Modern remake of Rear Window in which the lead character is paralyzed and lives in a high-tech home filled with assistive technology.,89.0,Drama|Thriller|TV Movie,Haft Entertainment|Hallmark Entertainment|Cambria Productions,11/22/1998,10.0,4.9,1998.0,0.0,0.0,55,1954,8.5,Alfred Hitchcock,$36.76M
58,,,,,,Modern Times,,,,,,,,,,,,,,,,56,1936,8.5,Charles Chaplin,$0.16M
59,,,,,,Kaithi,,,,,,,,,,,,,,,,57,2019,8.5,Lokesh Kanagaraj,*****
60,,,,,,City Lights,,,,,,,,,,,,,,,,58,1931,8.5,Charles Chaplin,$0.02M
61,,,,,,96,,,,,,,,,,,,,,,,59,II 2018,8.5,C. Prem Kumar,*****
62,,,,,,Avengers: Endgame,,,,,,,,,,,,,,,,60,2019,8.4,"Directors:Anthony Russo, Joe Russo",$858.37M
63,,,,,,Joker,,,,,,,,,,,,,,,,61,I 2019,8.4,Todd Phillips,$335.45M
64,,,,,,Spider-Man: Into the Spider-Verse,,,,,,,,,,,,,,,,62,2018,8.4,"Directors:Bob Persichetti, Peter Ramsey, Rodney Rothman",$190.24M
65,85.0,tt0082971,4.5783,18000000.0,389925971.0,Raiders of the Lost Ark,Harrison Ford|Karen Allen|Paul Freeman|Ronald Lacey|John Rhys-Davies,http://www.indianajones.com,Steven Spielberg,Indiana Jones - the new hero from the creators of JAWS and STAR WARS.,saving the world|riddle|nepal|himalaya|cairo,"When Dr. Indiana Jones â€“ the tweed-suited professor who just happens to be a celebrated archaeologist â€“ is hired by the government to locate the legendary Ark of the Covenant, he finds himself up against the entire Nazi regime.",115.0,Adventure|Action,Lucasfilm|Paramount Pictures,6/12/1981,2506.0,7.5,1981.0,43167434.49,935116878.2,63,1981,8.4,Steven Spielberg,$248.16M
66,,,,,,Your Name.,,,,,,,,,,,,,,,,64,2016,8.4,Makoto Shinkai,$5.02M
67,679.0,tt0090605,2.485419,18500000.0,131060248.0,Aliens,Sigourney Weaver|Carrie Henn|Michael Biehn|Lance Henriksen|Paul Reiser,,James Cameron,This Time It's War,android|extraterrestrial technology|space marine|spaceman|cryogenics,"When Ripley's lifepod is found by a salvage crew over 50 years later, she finds that terra-formers are on the very planet they found the alien species. When the company sends a family of colonists out to investigate her story, all contact is lost with the planet and colonists. They enlist Ripley and the colonial marines to return and search for answers.",137.0,Horror|Action|Thriller|Science Fiction,Twentieth Century Fox Film Corporation|SLM Production Group|Brandywine Productions,7/18/1986,2027.0,7.6,1986.0,36804018.6,260732097.6,65,1986,8.4,James Cameron,$85.16M
68,,,,,,Avengers: Infinity War,,,,,,,,,,,,,,,,66,2018,8.4,"Directors:Anthony Russo, Joe Russo",$678.82M
69,68718.0,tt1853728,5.944518,100000000.0,425368238.0,Django Unchained,Jamie Foxx|Christoph Waltz|Leonardo DiCaprio|Kerry Washington|Samuel L. Jackson,http://unchainedmovie.com/,Quentin Tarantino,"Life, liberty and the pursuit of vengeance.",bounty hunter|hero|plantation|society|friendship,"With the help of a German bounty hunter, a freed slave sets out to rescue his wife from a brutal Mississippi plantation owner.",165.0,Drama|Western,Columbia Pictures|The Weinstein Company,12/25/2012,7375.0,7.7,2012.0,94974428.14,403991051.5,67,2012,8.4,Quentin Tarantino,$162.81M
70,106035.0,tt0118460,0.427343,0.0,0.0,The Shining,Steven Weber|Rebecca De Mornay|Stephen King|Wil Horneff|Courtland Mead,,Mick Garris,110 empty hotel rooms - filled with horror!,hotel|teacher|tv mini-series|cameo appearance|family violence,"John Torrance is a writer &amp; recovering alcoholic, who ends up taking a job as a winter caretaker for a remote Colorado hotel which he seeks as an opportunity to finish a piece of work. With his wife and son with him, the caretaker settles in, only to see visions of the hotel's long deceased employees and guests. With evil intentions, they manipulate him into his dark side which takes a toll on he and his family.",273.0,Drama|Horror|Thriller|TV Movie,Lakeside Productions,5/23/1997,37.0,6.1,1997.0,0.0,0.0,68,1980,8.4,Stanley Kubrick,$44.02M
71,694.0,tt0081505,2.432001,19000000.0,44017374.0,The Shining,Jack Nicholson|Shelley Duvall|Danny Lloyd|Scatman Crothers|Barry Nelson,,Stanley Kubrick,A masterpiece of modern horror.,hotel|isolation|hotelier|colorado|maze,"Jack Torrance accepts a caretaker job at the Overlook Hotel, where he, along with his wife Wendy and their son Danny, must live isolated from the rest of the world for the winter. But they aren't prepared for the madness that lurks within.",144.0,Horror|Thriller,Warner Bros.|Peregrine,5/22/1980,1894.0,7.9,1980.0,50274698.31,116471589.4,68,1980,8.4,Stanley Kubrick,$44.02M
72,87516.0,tt1321511,1.064357,30000000.0,4861022.0,Oldboy,Josh Brolin|Elizabeth Olsen|Samuel L. Jackson|Sharlto Copley|Lance Reddick,,Spike Lee,Ask not why you were imprisoned. Ask why you were set free.,imprisonment|remake of korean film,An everyday man has only three and a half days and limited resources to discover why he was imprisoned in a nondescript room for 20 years without any explanation.,104.0,Drama|Thriller|Mystery|Action,Vertigo Entertainment|40 Acres & A Mule Filmworks|Good Universe|OB Productions,11/14/2013,403.0,6.0,2013.0,28081000.58,4550078.72,69,2003,8.4,Park Chan-wook,$0.71M
73,49026.0,tt1345836,6.591277,250000000.0,1081041287.0,The Dark Knight Rises,Christian Bale|Michael Caine|Gary Oldman|Anne Hathaway|Tom Hardy,http://www.thedarkknightrises.com/,Christopher Nolan,The Legend Ends,dc comics|crime fighter|terrorist|secret identity|burglar,"Following the death of District Attorney Harvey Dent, Batman assumes responsibility for Dent's crimes to protect the late attorney's reputation and is subsequently hunted by the Gotham City Police Department. Eight years later, Batman encounters the mysterious Selina Kyle and the villainous Bane, a new terrorist leader who overwhelms Gotham's finest. The Dark Knight resurfaces to protect a city that has branded him an enemy.",165.0,Action|Crime|Drama|Thriller,Legendary Pictures|Warner Bros.|DC Entertainment|Syncopy,7/16/2012,6723.0,7.5,2012.0,237436070.3,1026712780.0,70,2012,8.4,Christopher Nolan,$448.14M
74,77.0,tt0209144,3.095625,9000000.0,39723096.0,Memento,Guy Pearce|Carrie-Anne Moss|Joe Pantoliano|Mark Boone Junior|Russ Fega,http://www.otnemem.com/,Christopher Nolan,Some memories are best forgotten.,individual|insulin|tattoo|waitress|amnesia,"Suffering short-term memory loss after a head injury, Leonard Shelby embarks on a grim quest to find the lowlife who murdered his wife in this gritty, complex thriller that packs more knots than a hangman's noose. To carry out his plan, Shelby snaps Polaroids of people and places, jotting down contextual notes on the backs of photos to aid in his search and jog his memory. He even tattoos his own body in a desperate bid to remember.",113.0,Mystery|Thriller,Summit Entertainment|Newmarket Capital Group|Team Todd|I Remember Productions,10/11/2000,2144.0,7.9,2000.0,11396629.03,50301043.22,71,2000,8.4,Christopher Nolan,$25.54M
75,,,,,,Come and See,,,,,,,,,,,,,,,,72,1985,8.4,Elem Klimov,#92
76,197.0,tt0112573,2.533323,72000000.0,210000000.0,Braveheart,Mel Gibson|Catherine McCormack|Sophie Marceau|Patrick McGoohan|Angus Macfadyen,,Mel Gibson,Every man dies.  Not every man truly lives.,individual|scotland|in love with enemy|legend|independence,"Enraged at the slaughter of Murron, his new bride and childhood love, legendary Scottish warrior William Wallace slays a platoon of the local English lord's soldiers. This leads the village to revolt and, eventually, the entire country to rise up against English rule.",177.0,Action|Drama|History|War,Icon Entertainment International|The Ladd Company|B.H. Finance C.V.,5/24/1995,2205.0,7.5,1995.0,103029614.4,300503042.1,73,1995,8.4,Mel Gibson,$75.60M
77,,,,,,Das Boot,,,,,,,,,,,,,,,,74,1981,8.4,Wolfgang Petersen,$11.49M
78,,,,,,WALL·E,,,,,,,,,,,,,,,,75,2008,8.4,Andrew Stanton,$223.81M
79,18955.0,tt1262877,0.141098,0.0,0.0,Coco,Gad Elmaleh|Pascale Arbillot|Manu Payet|Jean Benguigui|Ary Abittan,,Gad Elmaleh,,,"Coco is a French comedy released in 2009 and produced by Gad Elmaleh. This is the first embodiment of the actor, adapted from a sketch in the show La Vie Normale. Coco talks about organizing a Bar Mitzvah.",95.0,Comedy,LÃ©gende Films,7/21/2009,67.0,4.4,2009.0,0.0,0.0,76,I 2017,8.4,"Directors:Lee Unkrich, Adrian Molina",$209.73M
80,279.0,tt0086879,1.682283,18000000.0,51973029.0,Amadeus,F. Murray Abraham|Tom Hulce|Elizabeth Berridge|Roy Dotrice|Simon Callow,,MiloÅ¡ Forman,...Everything you've heard is true,italy|composer|opera|talent|musician,"The incredible story of genius musician Wolfgang Amadeus Mozart, told in flashback by his peer and secret rival Antonio Salieri â€“ now confined to an insane asylum.",160.0,Drama|History|Music,Warner Bros.,10/26/1984,560.0,7.5,1984.0,37782756.71,109093572.8,77,1984,8.4,Milos Forman,$51.97M
81,,,,,,The Lives of Others,,,,,,,,,,,,,,,,78,2006,8.4,Florian Henckel von Donnersmarck,$11.29M
82,,,,,,Capernaum,,,,,,,,,,,,,,,,79,2018,8.4,Nadine Labaki,$1.66M
83,935.0,tt0057012,2.210475,1800000.0,9440272.0,Dr. Strangelove or: How I Learned to Stop Worrying and Love the Bomb,Peter Sellers|George C. Scott|Sterling Hayden|Keenan Wynn|Slim Pickens,,Stanley Kubrick,The hot-line suspense comedy,u.s. president|general|cold war|strategic air command|nuclear missile,An insane general starts a process to nuclear holocaust that a war room of politicians and generals frantically try to stop. A classic black and white war satire from director Stanley Kubrick starring Peter Sellers.,95.0,Drama|Comedy|War,Hawk Films|Columbia Pictures Corporation,1/29/1964,804.0,7.7,1964.0,12654481.34,66367636.59,80,1964,8.4,Stanley Kubrick,$0.28M
84,,,,,,Sunset Blvd.,,,,,,,,,,,,,,,,81,1950,8.4,Billy Wilder,#59
85,20453.0,tt1187043,0.816681,9000000.0,70000000.0,3 Idiots,Aamir Khan|Kareena Kapoor|Madhavan|Sharman Joshi|Boman Irani,http://idiotsacademy.zapak.com/idiotsmain.php,Rajkumar Hirani,Don't BE A STUPID BE AN I.D.I.O.T.,suicide|suicide attempt|college|friends|engineering,"In the tradition of â€œFerris Buellerâ€™s Day Offâ€ comes this refreshing comedy about a rebellious prankster with a crafty mind and a heart of gold. Rascal. Joker. Dreamer. Genius... You've never met a college student quite like ""Rancho."" From the moment he arrives at India's most prestigious university, Rancho's outlandish schemes turn the campus upside downâ€”along with the lives of his two newfound best friends. Together, they make life miserable for ""Virus,"" the schoolâ€™s uptight and heartless dean. But when Rancho catches the eye of the dean's sexy daughter, Virus sets his sights on flunking out the ""3 idiots"" once and for all.",170.0,Drama|Comedy|Romance,Vidhu Vinod Chopra Productions,12/23/2009,662.0,7.8,2009.0,9147603.907,71148030.39,82,2009,8.4,Rajkumar Hirani,$6.53M
86,,,,,,Witness for the Prosecution,,,,,,,,,,,,,,,,83,1957,8.4,Billy Wilder,$8.18M
87,,,,,,Paths of Glory,,,,,,,,,,,,,,,,84,1957,8.4,Stanley Kubrick,#60
88,,,,,,The Great Dictator,,,,,,,,,,,,,,,,85,1940,8.4,Charles Chaplin,$0.29M
89,,,,,,High and Low,,,,,,,,,,,,,,,,86,1963,8.4,Akira Kurosawa,#86
90,,,,,,Sardar Udham,,,,,,,,,,,,,,,,87,2021,8.4,Shoojit Sircar,*****
91,,,,,,Asuran,,,,,,,,,,,,,,,,88,2019,8.4,Vetrimaaran,*****
92,,,,,,Drishyam 2,,,,,,,,,,,,,,,,89,2021,8.4,Jeethu Joseph,*****
93,,,,,,Top Gun: Maverick,,,,,,,,,,,,,,,,90,2022,8.3,Joseph Kosinski,$718.73M
94,489.0,tt0119217,2.202087,10000000.0,225933435.0,Good Will Hunting,Robin Williams|Matt Damon|Ben Affleck|Stellan SkarsgÃ¥rd|Minnie Driver,http://www.miramax.com/movie/good-will-hunting,Gus Van Sant,"Some people can never believe in themselves, until someone believes in them.",sex|baseball|boston|professor|m.i.t.,"Will Hunting, a janitor at MIT, has a gift for mathematics but needs help from a psychologist to find direction in his life.",126.0,Drama,Miramax Films|Lawrence Bender Productions|Be Gentlemen Limited Partnership,12/5/1997,1592.0,7.7,1997.0,13584603.21,306921606.7,91,1997,8.3,Gus Van Sant,$138.43M
95,16869.0,tt0361748,6.098027,70000000.0,319131050.0,Inglourious Basterds,Brad Pitt|MÃ©lanie Laurent|Christoph Waltz|Eli Roth|Michael Fassbender,http://www.inglouriousbasterds-movie.com/,Quentin Tarantino,Once upon a time in Nazi occupied France...,paris|guerilla|cinema|self sacrifice|dynamite,"In Nazi-occupied France during World War II, a group of Jewish-American soldiers known as ""The Basterds"" are chosen specifically to spread fear throughout the Third Reich by scalping and brutally killing Nazis. The Basterds, lead by Lt. Aldo Raine soon cross paths with a French-Jewish teenage girl who runs a movie theater in Paris which is targeted by the soldiers.",153.0,Drama|Action|Thriller|War,Universal Pictures|A Band Apart|Zehnte Babelsberg|Visiona Romantica,8/18/2009,3969.0,7.7,2009.0,71148030.39,324364937.8,92,2009,8.3,Quentin Tarantino,$120.54M
96,641.0,tt0180093,1.050687,4500000.0,7390108.0,Requiem for a Dream,Ellen Burstyn|Jared Leto|Jennifer Connelly|Marlon Wayans|Christopher McDonald,http://www.requiemforadream.com/,Darren Aronofsky,,drug addiction|junkie|heroin|speed|diet,The hopes and dreams of four ambitious people are shattered when their drug addictions begin spiraling out of control. A look into addiction and how it overcomes the mind and body.,102.0,Drama,Artisan Entertainment,10/27/2000,1316.0,7.7,2000.0,5698314.515,9358035.485,93,2000,8.3,Darren Aronofsky,$3.64M
97,949.0,tt0113277,1.847583,60000000.0,187436818.0,Heat,Al Pacino|Robert De Niro|Val Kilmer|Jon Voight|Tom Sizemore,,Michael Mann,A Los Angeles crime saga,gambling|suicide attempt|burglar|booties|detective inspector,"Obsessive master thief, Neil McCauley leads a top-notch crew on various daring heists throughout Los Angeles while determined detective, Vincent Hanna pursues him without rest. Each man recognizes and respects the ability and the dedication of the other even though they are aware their cat-and-mouse game may end in violence.",171.0,Action|Crime|Drama|Thriller,Regency Enterprises|Forward Pass|Warner Bros.,12/15/1995,1104.0,7.5,1995.0,85858012.03,268215876.2,94,1995,8.3,Michael Mann,$67.44M
98,111.0,tt0086250,3.178818,25000000.0,65884703.0,Scarface,Al Pacino|Steven Bauer|Michelle Pfeiffer|Mary Elizabeth Mastrantonio|Robert Loggia,,Brian De Palma,The world is yours...,miami|corruption|capitalism|cuba|prohibition,"After getting a green card in exchange for assassinating a Cuban government official, Tony Montana stakes a claim on the drug trade in Miami. Viciously murdering anyone who stands in his way, Tony eventually becomes the biggest drug lord in the state, controlling nearly all the cocaine that comes through Miami. But increased pressure from the police, wars with Colombian drug cartels and his own drug-fueled paranoia serve to fuel the flames of his eventual downfall.",170.0,Action|Crime|Drama|Thriller,Universal Pictures,12/8/1983,1741.0,7.8,1983.0,54732799.94,144242170.7,95,1983,8.3,Brian De Palma,$45.60M
99,,,,,,Star Wars: Episode VI - Return of the Jedi,,,,,,,,,,,,,,,,96,1983,8.3,Richard Marquand,$309.13M
100,14.0,tt0169547,3.55572,15000000.0,356296601.0,American Beauty,Kevin Spacey|Annette Bening|Thora Birch|Wes Bentley|Mena Suvari,http://www.dreamworks.com/ab/,Sam Mendes,Look closer.,adultery|coming out|loss of father|first time|camcorder,"Lester Burnham, a depressed suburban father in a mid-life crisis, decides to turn his hectic life around after developing an infatuation with his daughter's attractive friend.",122.0,Drama,DreamWorks SKG|Jinks/Cohen Company,9/15/1999,1756.0,7.7,1999.0,19635792.7,466411079.8,97,1999,8.3,Sam Mendes,$130.10M
101,185.0,tt0066921,3.072555,2200000.0,26589000.0,A Clockwork Orange,Malcolm McDowell|Patrick Magee|Adrienne Corri|Michael Bates|Warren Clarke,,Stanley Kubrick,"Being the adventures of a young man whose principal interests are rape, ultra-violence and Beethoven.",prison|street gang|rape|adolescence|sexuality,"The head of a gang of toughs, in an insensitive futuristic society, is conditioned to become physically ill at sex and violence during a prison sentence. When he is released, he's brutally beaten by all of his old adversaries.",136.0,Science Fiction|Drama,Hawk Films|Warner Bros.,12/18/1971,1786.0,7.7,1971.0,11847428.81,143186947.6,98,1971,8.3,Stanley Kubrick,$6.21M
102,600.0,tt0093058,2.0267,17000000.0,46357676.0,Full Metal Jacket,Matthew Modine|Adam Baldwin|Vincent D'Onofrio|R. Lee Ermey|Dorian Harewood,,Stanley Kubrick,"Vietnam can kill me, but it canâ€™t make me care.",suicide|prostitute|helicopter|based on novel|journalism,A pragmatic U.S. Marine observes the dehumanizing effects the U.S.-Vietnam War has on his fellow recruits from their brutal boot camp training to the bloody street fighting in Hue.,116.0,Drama|War,Stanley Kubrick Productions|Warner Bros.|Natant,6/26/1987,1311.0,7.7,1987.0,32624367.45,88964109.17,99,1987,8.3,Stanley Kubrick,$46.36M
